Titel,ID,Preis,Zustand,Verfügbarkeit,Kostenlose Einträge - abgelehnt oder ungültig,Kostenlose Einträge - aktiv,Kanal,Feedlabel,Sprache,Beschreibung,Bild Link,Farbe,Kennzeichnung existiert,Marke,Produkt Url,Produkttyp,gtin,maximale Bearbeitungszeit,minimale Bearbeitungszeit,Lieferkosten,update type,zusätzlicher Bildlink
Betonwaschbecken Modell V_63,5905490819260/3,450.00 EUR,neu,auf Lager,,DE,Online,DE,de,"Unser Waschtisch V_6: klassische Form, subtile Eleganz und perfekte Ergänzung für klassische und industrielle Interieurs. Mit einer Voglio-Ätzgravur verziert und in 4 Farben erhältlich, darunter Basic Light Grey, Grau, Anthrazit und Schwarz. Jede koloristische Version passt sowohl zu Holz als auch zu kaltem Stahl. Mit Abmessungen von 53 x 33 cm und einer Schalentiefe von 14 cm ist unser V_6 einer unserer größten Waschtische. Auf individuelle Anfrage können wir auch Elemente in den Farben der RAL-Skala herstellen. Entdecken Sie den perfekten Waschtisch für Ihr Interieur, der den Eindruck eines filigranen Objekts vermittelt und gleichzeitig robust und langlebig ist.",https://shopping.googleusercontent.com/image?q=AJqGhtU318IyyLocjMXa5fT_kXyNNDnrjy4FQTFAmpuVysFYmytyjYIK4S86NsqdmTfI7ka0-Yu1evMI0_Pb,anthrazit,Ja,Voglio,https://www.concretebasinsvoglio.com/de/concrete-sinks-and-basins-V6,waschbecken,5905490819260,21,7,0,merge,"https://shopping.googleusercontent.com/image?q=AJqGhtXvcES4svaWjgjSWUZdO03UFCSiNdSDSPQKLNVnAjBw7yCttXs1kdlCFJvWat3Tb2M41R8_LPnxkPWW,https://shopping.googleusercontent.com/image?q=AJqGhtXWZF0Lp3kiBKceRyxMh8170I27C1Ed27g1fEsGX-qQwQxJ-mzlLbLFTj1aNKo2wEKYsLJWMuVNmmqk,https://shopping.googleusercontent.com/image?q=AJqGhtX1aSmBxUie1NxOpSinBDXIWaK916uBfA6BadD5GCv2InOP8ifnxNIWZbrLNn4oo3hmRWBiVwtDPzIv"
Betonwaschbecken Modell V_54,8514834494,336.00 EUR,neu,auf Lager,,DE,Online,DE,de,"Diese Art von Waschbecken ist ein Vorschlag, um einen Raum mit wenig Stellfläche zu ergänzen. Es eignet sich perfekt für Orte, an denen es entscheidend ist, jeden cm2 gut zu nutzen. Die klassische und universelle Form macht es zu einer perfekten Ergänzung zu bereits eingerichteten Innenräumen sowie zum ersten Element, von dem die Inneneinrichtung ausgeht.
Jedes Waschbecken ist mit einer „Voglio“-Ätzgravur verziert.
Unsere Waschtische sind sowohl perfekte Ergänzungen zu bereits eingerichteten Innenräumen als auch das erste Element, von dem die Inneneinrichtung ausgeht.
Jede koloristische Version findet sich sowohl in der Umgebung von Holz als auch von kaltem Stahl wieder.

Abmessungen: Schüsseldurchmesser 32 cm (12,6 Zoll), Schüsseltiefe 13 cm (5,1 Zoll).
Das Betonwaschbecken V_5 ist in 4 Farben erhältlich. Basic Light Grey, eine Mischung aus Architekturbeton ohne Zusatz von Pigmenten, Grau, Anthrazit und Schwarz.
Auf individuelle Anfrage können wir Elemente in den Farben der RAL-Skala herstellen. Entsprechende Farben sind auf den Fotos abgebildet.",https://shopping.googleusercontent.com/image?q=AJqGhtWuQyhpTsIrO597Su-MYvvO-LKfLkNO2LtUXAgCEK4jO24QOSAGAWTbJbcmF6UuG6pRHjnbYqCIIJGO,,Ja,Voglio,https://www.concretebasinsvoglio.com/de/cncrete-sink-V5,waschbecken,5905490819239,21,7,0,merge,"https://shopping.googleusercontent.com/image?q=AJqGhtUcNog0krMmGTC-JwAN_gdrtP7fw0Iq4gs2ZwZSTK5cdiyK-RfOur3eqJN543t8xGBYlKvlWLq7-80-,https://shopping.googleusercontent.com/image?q=AJqGhtU_FWCCW8kAHaYSDwIiekVhAwWP-aEQNQ2daZa9JN3gMRKPRLhZgIrtSOBNZP6W7TWNm-yxGpi-D9dr"
Betonwaschbecken Modell V_33,5905490819147/3,380.00 EUR,neu,auf Lager,,DE,Online,DE,de,"Das ist ein klassisches und universelles Betonwaschbecken-Modell. Es hat Abmessungen, die sowohl in großen als auch in kleinen Räumen passen, wo es darauf ankommt, jeden cm2 gut zu nutzen. Dieser besondere Artikel sieht aus wie eine lose Schüssel, die einfach auf der Theke steht. Das verleiht ihm einen leichten Eindruck und macht ihn gerade für minimalistische Interieurs perfekt. Jede Waschbecken ist mit einer „Voglio“-Ätzgravur verziert. Unsere Waschtische sind sowohl perfekte Ergänzungen zu bereits eingerichteten Innenräumen als auch das erste Element, von dem die Inneneinrichtung ausgeht. Jede koloristische Version findet sich sowohl in der Umgebung von Holz als auch von kaltem Stahl wieder.

Abmessungen: Schüsseldurchmesser 39 cm (15,35 Zoll), Schüsseltiefe 13 cm 5,1 Zoll).
Das Betonwaschbecken V_3 ist in 4 Farben erhältlich. Hellgrau, eine Mischung aus Architekturbeton ohne Zusatz von Pigmenten, Grau, Anthrazit und Schwarz.
Auf individuelle Anfrage können wir Elemente in den Farben der RAL-Skala herstellen. Entsprechende Farben sind auf den Fotos abgebildet.",https://shopping.googleusercontent.com/image?q=AJqGhtX1pWAtsi6BmIS5WUPM-67ww9dWqZaCZnIGbMqYNcBIlJwjr5nT4wI_t5CsWmtnVtAIcWgHXXex-e00,anthrazit,Ja,Voglio,https://www.concretebasinsvoglio.com/de/concrete-washbasin-V2,waschbecken,5905490819147,21,7,0,merge,"https://shopping.googleusercontent.com/image?q=AJqGhtVkXbQWpZeJYjbQzdI-YQ6bn5gZzoEcyv_VPln4H-BD0pcwXB0Nq3wSQzn-fydB5FwlsVnv-z5jOm2M,https://shopping.googleusercontent.com/image?q=AJqGhtXvLZpo34qDL3sVp_HeQNFiUqgHwMQ_bcK-F8mnY5ose8Sb8PWtrL57RC7aUmLnlDU1GA1-5ezfbfz0,https://shopping.googleusercontent.com/image?q=AJqGhtXbzgbIZfmSmHowYEd6_EILBa9VF9X99AWDDxmJpoNve7h0AKIN0l1fpXf_G_sagXGV_Mh5fLdJlA9_"
Betonwaschbecken Modell V_43,5905490819185/3,552.00 EUR,neu,auf Lager,,DE,Online,DE,de,"Die klassische Form auf einem rechteckigen Grundriss, mit geschwungenen Ecken, die nach unten leicht schmaler werden. Die idealen ovalen Proportionen unseres größten Waschbeckens bilden eine hervorragende Zierde für die anspruchsvollsten Innenräume. Dieses spezifische Objekt bringt die Einzigartigkeit von Architekturbeton besonders zum Ausdruck – nämlich seine charakteristische, unverwechselbare Optik und optische Leichtigkeit. All diese Eigenschaften machen das Modell V_4 zu einem herausragenden Element des Interieurs.

Jedes Waschbecken ist mit einer „Voglio“-Ätzgravur verziert.
Unsere Waschtische sind sowohl perfekte Ergänzungen zu bereits eingerichteten Innenräumen als auch das erste Element, von dem die Inneneinrichtung ausgeht.
Jede koloristische Version findet sich sowohl in der Umgebung von Holz als auch von kaltem Stahl wieder.

Abmessungen: Schüssellänge 60 cm (23,62 Zoll), Breite 42 cm (16,53 Zoll), Schüsseltiefe 14 cm 5,5 Zoll).
Das Betonwaschbecken V_4 ist in 4 Farben erhältlich. Basic Light Grey, eine Mischung aus Architekturbeton ohne Zusatz von Pigmenten, Grau, Anthrazit und Schwarz.
Auf individuelle Anfrage können wir Elemente in den Farben der RAL-Skala herstellen. Entsprechende Farben sind auf den Fotos abgebildet.",https://shopping.googleusercontent.com/image?q=AJqGhtXZfgOdvXDcQ09IT9bQHZV5r3PFrM4A_6Y64zKPWXy8om1BThBiRO0bNjpZK3DFxLyBE91iLW_UtUOk,anthrazit,Ja,Volgio,https://www.concretebasinsvoglio.com/de/concrete-baisns-V4,waschbecken,5905490819185,21,7,0,merge,"https://shopping.googleusercontent.com/image?q=AJqGhtU2RM07rSPmGHJ_8WH5RJoPbbudrub_7k3rz0g1W3Hv-8X0tGBXgkGGWsNrpITnes638H8vzfEEEUcY,https://shopping.googleusercontent.com/image?q=AJqGhtVLwtLSUAtpJRrZeA5I5As4XVnbmolMQTYtfI8a5FdncqVdR2mEYhjusjJ09qPdv1aHfLmrDngZPf5L,https://shopping.googleusercontent.com/image?q=AJqGhtUb5iVftyt_TChjas9cDeNJpDxSE1nKiwfaeyatdVOr6s7cqMGYuR9REqGiKpzwkm1aTXRCVEkqCfcJ"
Betonwaschbecken Model V_010,5905490819406/10,399.00 EUR,neu,auf Lager,,DE,Online,DE,de,"Ein sehr einzigartiges Modell, das gleichzeitig ein perfekter Ausdruck des klassischen, abgerundeten Stils ist. Obwohl es offensichtlich erscheinen mag, ist eine Maßnahme zur Herstellung eines Waschbeckens auf einem Kreisplan ziemlich selten. Passt besonders gut in kleine Räume und ist eine harmonische Ergänzung zu warmen Innenräumen, die gemütliche, wohnliche Konnotationen vermitteln. Gleichzeitig kann es sich an industrielle Arrangements anpassen und mit ihnen ein kohärentes Ganzes bilden.
Jedes Waschbecken ist mit einer „Voglio“-Ätzgravur verziert.
Unsere Waschtische sind sowohl perfekte Ergänzungen zu bereits eingerichteten Innenräumen als auch das erste Element, von dem die Inneneinrichtung ausgeht.
Jede koloristische Version findet sich sowohl in der Umgebung von Holz als auch von kaltem Stahl wieder.

Abmessungen: Schüsseldurchmesser 41 cm (16,1 Zoll ), Schüsseltiefe 13 cm (5,1 Zoll). Dieses Waschbecken ist in einer dunkelgrünen Farbe erhältlich.",https://shopping.googleusercontent.com/image?q=AJqGhtU-_uEX-vQIZztXejk-i10BG5ZvxRmXH998MwGToqWntHTote-rbefm8J24CebD546rVlX-pnI76jmw,dunkelgrün,Ja,Voglio,https://www.concretebasinsvoglio.com/de/concrete-basin-V0,waschbecken,5905490819406,21,7,0,merge,"https://shopping.googleusercontent.com/image?q=AJqGhtVvepHtprRDtQSpvnWJjIje_WmGlu7W2kvtS3blVbxEU2uUU0ukJ7eF1i-IxBY0C4RoBl7nbueGzahq,https://shopping.googleusercontent.com/image?q=AJqGhtXTvRdaRLN4Pqp0h6DW7lODLu1nt3cRLkuL3TdAf0fj9V8sqwYcjg32YNxtgnUMmxP32MSxIL07tfUy,https://shopping.googleusercontent.com/image?q=AJqGhtW_x0OVPxHbLDvUGe-Ls_IXAU894xaXRC-U1dGPxGcGxLrdttT0CI1vJgFcbHzKFpUtqXztO_4eqUIm"
Betonwaschbecken Modell V_58,5905490819680/8,336.00 EUR,neu,auf Lager,,DE,Online,DE,de,"Eine Betonwaschbecken ist eine moderne und stilvolle Wahl für jedes Badezimmer oder Küche. Auf der Voglio wird ein atemberaubendes Betonwaschbecken präsentiert, das in einem eleganten und ansprechenden Design daherkommt. 

Für diejenigen, die nach einem Hauch von Farbe suchen, ist es auch möglich, eine Betonwaschbecken in einem wunderschönen Brzoskwiniowym-Farbton zu bestellen. Dieser Farbton verleiht dem Waschbecken einen einzigartigen Charakter und verleiht jedem Raum eine warme und einladende Atmosphäre.

Das Betonwaschbecken ist aus hochwertigem Beton gefertigt und wurde sorgfältig von erfahrenen Handwerkern hergestellt. Die Oberfläche ist glatt und langlebig, was bedeutet, dass es jahrelang halten wird. Es ist auch sehr pflegeleicht und kann einfach mit einem milden Reinigungsmittel gereinigt werden.

Das Pfirsichfarbe - Betonwaschbecken ist eine perfekte Wahl für diejenigen, die nach einem einzigartigen und stilvollen Waschbecken suchen, das ihre Persönlichkeit und ihren Geschmack widerspiegelt. Es ist auch eine umweltfreundliche Wahl, da Beton ein natürliches Material ist und recycelt werden kann.

Insgesamt ist das Brzoskwiniowym-Betonwaschbecken eine wunderschöne Wahl für jeden Raum und wird sicherlich ein Gesprächsthema sein. Es ist eine Investition in Qualität und Stil, die sich auf lange Sicht auszahlen wird.",https://shopping.googleusercontent.com/image?q=AJqGhtX3gz3iP2i_fnMhT2Z_ky8RyilydUZou7ZbPGu9BR-lYuXW1LgNlsLY8p64WiOm362Hxyz7E4hIMJcF,pfirsichfarbe,Ja,Voglio,https://www.concretebasinsvoglio.com/de/cncrete-sink-V5,waschbecken,5905490819680,21,7,0,merge,"https://shopping.googleusercontent.com/image?q=AJqGhtXKuwWeoJCMtLYRdKN3onEtWIR__GUwwDT4sUUWr2d-GlFldwnOVk8EQuP-oed7HpFUEGvHn1HVUWEE,https://shopping.googleusercontent.com/image?q=AJqGhtWB4Sb_2mXC5CCxqBeu9X2ppzN_q7VvBErKPqROAdzxhbd1kXekhYYMq_rlKC0_YrE_g9BxqOD_UUjf,https://shopping.googleusercontent.com/image?q=AJqGhtUW92DwvBlP7ji1CIRK9lXWVj4kLcFvYVw6eMfK2k9_PK1RZukVrEEWBnrC-mGLkTNT1aWwhA8Y-sIA"
Betonwaschbecken Modell V_42,5905490819178/2,552.00 EUR,neu,auf Lager,,DE,Online,DE,de,"Die klassische Form auf einem rechteckigen Grundriss mit geschwungenen Ecken, die nach unten leicht schmaler werden, macht unser größtes Waschbecken zu einer hervorragenden Zierde für anspruchsvolle Innenräume. Die idealen ovalen Proportionen und die charakteristische, unverwechselbare Optik und optische Leichtigkeit von Architekturbeton kommen in diesem spezifischen Objekt besonders zum Ausdruck. All diese Eigenschaften machen das Modell V_4 zu einem herausragenden Element des Interieurs.

Jedes Waschbecken ist mit einer ""Voglio""-Ätzgravur verziert. Unsere Waschtische sind sowohl perfekte Ergänzungen zu bereits eingerichteten Innenräumen als auch das erste Element, von dem die Inneneinrichtung ausgeht. Jede koloristische Version findet sich sowohl in der Umgebung von Holz als auch von kaltem Stahl wieder.

Die Abmessungen des Betonwaschbeckens V_4 betragen 60 cm (23,62 Zoll) in der Schüssellänge, 42 cm (16,53 Zoll) in der Breite und 14 cm (5,5 Zoll) in der Schüsseltiefe. Das Waschbecken ist in 4 Farben erhältlich: Basic Light Grey, eine Mischung aus Architekturbeton ohne Zusatz von Pigmenten, Grau, Anthrazit und Schwarz. Auf individuelle Anfrage können wir auch Elemente in den Farben der RAL-Skala herstellen. Entsprechende Farben sind auf den Fotos abgebildet.",https://shopping.googleusercontent.com/image?q=AJqGhtWH-vVPmVbJ6NnHMoxCNVA4morKIlDFeH7KRms2tA2l4GuQZAY2yeGH3vNu-GRJbYXwRvB1KhybXO5b,grau,Ja,Voglio,https://www.concretebasinsvoglio.com/de/concrete-baisns-V4,waschbecken,5905490819178,21,7,0,merge,"https://shopping.googleusercontent.com/image?q=AJqGhtXPJDdyOTD2WF2wPiYCIAJRQS-B7R9xGoawQZpdoBRas9nyYXLEbhJJsAKVB8-Uz9L0I_l7Wa8OFT32,https://shopping.googleusercontent.com/image?q=AJqGhtWaQqGUmifhq6n-CtMQgNoiR8xLLMHqKFQkn2BYT1zCtvrt3YwF78IAVNh2r2H9BwGhyMfMnTU0gTpt,https://shopping.googleusercontent.com/image?q=AJqGhtWH4Pgv2qhHz_NQCgQB9uWelA9uHBWmevUYI03OI0irRCRwTRfzOZ9NZZ0sGcRDQHsLklZBly-sDkkd"
Betonwaschbecken Modell V_55,5905490819673/5,336.00 EUR,neu,auf Lager,,DE,Online,DE,de,"Eine betonierte Waschbeckenlösung ist eine hervorragende Wahl für jedes Badezimmer. Das robuste Material sorgt für eine lange Lebensdauer und ist zudem sehr pflegeleicht. Eine solche Lösung kann auch ein echter Blickfang sein, wie die auf der Website https://www.concretebasinsvoglio.com/de/cncrete-sink-V5 präsentierte betonierte Waschbeckenlösung beweist. 

Das Besondere an dieser Waschbeckenlösung ist, dass sie in einem auffälligen Rosa gehalten ist. Diese Farbgebung verleiht dem Badezimmer einen Hauch von Eleganz und Modernität. Der Beton selbst ist von höchster Qualität und wird in Handarbeit gefertigt. Dadurch ist jedes Waschbecken ein Unikat und hat seine eigene individuelle Note. 

Das Design der Waschbeckenlösung ist sehr minimalistisch und zeitlos. Es passt perfekt zu modernen Badezimmern, aber auch zu klassischen Einrichtungsstilen. Das Waschbecken ist sehr geräumig und bietet ausreichend Platz zum Händewaschen. Die Oberfläche des Betons ist glatt und fühlt sich angenehm an. 

Die Installation der Waschbeckenlösung ist sehr einfach und kann von einem Fachmann schnell durchgeführt werden. Der Beton ist sehr robust und widerstandsfähig gegenüber Kratzern und Schmutz. Die Reinigung des Waschbeckens ist sehr einfach und erfordert nur ein mildes Reinigungsmittel und Wasser. 

Insgesamt ist die betonierte Waschbeckenlösung in Rosa eine ausgezeichnete Wahl für jeden, der auf der Suche nach einer hochwertigen und stilvollen Lösung für sein Badezimmer ist. Das minimalistische Design und die hochwertige Verarbeitung machen dieses Waschbecken zu einem echten Hingucker. Durch die einfache Reinigung und die Langlebigkeit des Betons ist es zudem eine sehr praktische Lösung.",https://shopping.googleusercontent.com/image?q=AJqGhtU3OXkRPn6Kg-Ki97ZX0BPKy7eU3j4ziuGNJCjJr0nGuR1XSwrqgj7L7NkovkUgdURFPKNQN7t_7hEq,Pinkfarbe,Ja,Voglio,https://www.concretebasinsvoglio.com/de/cncrete-sink-V5,waschbecken,5905490819673,21,7,0,merge,"https://shopping.googleusercontent.com/image?q=AJqGhtUecJrJtRV35kpowJ7B0vRdfRnKvcyVOV4j4EzOKpVKBzC0e0oGwR3Pyk96pVTA7F5mBC1y1O8R9k0C,https://shopping.googleusercontent.com/image?q=AJqGhtVeeSyWwbxe8sXiZ7-RbMUqLaZ8fs-5_aDuF_Oy41CHho4d9puqxJW4BuThsJ3J_odVCQ7OTKJLn-ri,https://shopping.googleusercontent.com/image?q=AJqGhtXlbPo6NEns2Q1JU2x4Gzvp_9gRbcVTkR1729ijqUCktDWLHBmDdzhXWVI716e3JQZDUDRBRQ469Xfr"
Betonwaschbecken Modell V_59,5905490819697/9,336.00 EUR,neu,auf Lager,,DE,Online,DE,de,"Diese wunderschöne Waschbecken-Schale aus Beton bringt ein Gefühl von Eleganz und Modernität in Ihr Badezimmer oder Ihre Küche. Mit ihrer runden Form und glatten Textur ist sie ein einzigartiges Stück, das sich perfekt in jedes zeitgenössische Dekor einfügt. Das Waschbecken ist handgefertigt und aus hochwertigem Beton hergestellt, was es robust und langlebig macht. Die Elfenbeinfarbe verleiht ihm ein warmes und sanftes Aussehen und passt perfekt zu jeder Art von Einrichtung. Mit einem Durchmesser von 32 cm und einer Höhe von 13 cm ist es die perfekte Größe für jedes Badezimmer oder jede Küche. Das Betonwaschbecken ist nicht nur praktisch, sondern auch ein Kunstwerk, das Ihrem Raum Charakter verleiht.

Schlüsselwörter: Betonwaschbecken, Waschbecken aus Beton, runde Waschbecken-Schale, handgefertigt, langlebig, Elfenbeinfarbe, zeitgenössisches Dekor.

odpowiedź ponownie
szukaj w sieci lepszej odpowiedzi
",https://shopping.googleusercontent.com/image?q=AJqGhtWgubKOC9sGRKqz7deYlySY8PAKGyfS3Sl520iw8h2i04W1SZqoMZKMWDLmO6lTxLXSVvIAbDxGtBz_,elfenbeinfarbe,Ja,Voglio,https://www.concretebasinsvoglio.com/de/cncrete-sink-V5,waschbecken,5905490819697,21,7,0,merge,"https://shopping.googleusercontent.com/image?q=AJqGhtXFI29D-rXfnz6ZOavWvdWGp2WJi5yJmztPyfFS7ssGx-tGxyTVzI8ywslnLImpI4G674tGvcYvtViZ,https://shopping.googleusercontent.com/image?q=AJqGhtWfNuLx9a_ejI2bFqqCfs1TdhqyZvZuAP4C6GUWeZr5eUsB-9-0bS-oZMKjyiVQP1dVCFs-RXoPGLk7,https://shopping.googleusercontent.com/image?q=AJqGhtVIaUzVhThrfGou_GniN7AokcKYh5rqCrbLNOYtETMtJkbAew9bdY_30AWN6AjIZ3_3w4SxoadE2yJJ"
Betonwaschbecken Modell V_74,5905490819314/4,336.00 EUR,neu,auf Lager,,DE,Online,DE,de,"Ein modisches, außergewöhnliches und zeitloses Material fügt sich perfekt in den Industrial Style ein. Jede der ausgewählten Versionen fügt sich perfekt in verschiedene Arten von Innenräumen ein – vom typischen Einfamilienhaus bis hin zu kalten, fabrikähnlichen Räumen. Die klassische Ellipsoidform mit dem halbkreisförmigen Verlauf der Seitenwände und den gewellten Rändern erweckt den Eindruck eines Perpetuum Mobile. Unter Beibehaltung hervorragender Proportionen sind unsere Waschbecken speziell für kleine Innenräume zugeschnitten, in denen es entscheidend darauf ankommt, jeden cm2 gut zu nutzen.

Jedes Waschbecken ist mit einer „Voglio“-Ätzgravur verziert.
Unsere Waschtische sind sowohl perfekte Ergänzungen zu bereits eingerichteten Innenräumen als auch das erste Element, von dem die Inneneinrichtung ausgeht.
Jede koloristische Version findet sich sowohl in der Umgebung von Holz als auch von kaltem Stahl wieder.

Abmessungen: Schalenellipse 35 cm (13,78 Zoll)/27 cm (10,63 Zoll), Schalentiefe 13 cm (5,1 Zoll).
Das Betonwaschbecken V_7 ist in 4 Farben erhältlich. Basic Light Grey, eine Mischung aus Architekturbeton ohne Zusatz von Pigmenten, Grau, Anthrazit und Schwarz.
Auf individuelle Anfrage können wir Elemente in den Farben der RAL-Skala herstellen. Entsprechende Farben sind auf den Fotos abgebildet.",https://shopping.googleusercontent.com/image?q=AJqGhtVDvn-5O435ltu3Zv_F0jjzYGXGz9NkEczYDorPRoeVtROFKPYVf9UHdg3n7o0MFAOvcCcUTNau0lET,schwarz,Ja,Voglio,https://www.concretebasinsvoglio.com/de/v-70,waschbecken,5905490819314,21,7,0,merge,"https://shopping.googleusercontent.com/image?q=AJqGhtXUO4J1dWABzXjjPh16SFomMN0gZuB1fHvDDt8jCK0qxnhoNTgYiofw-K06YuPfuAW4dB_qyDJZ6f7a,https://shopping.googleusercontent.com/image?q=AJqGhtV2gmzymizU9ubZm1M0iedSA3nRsPcZ6P0J1Uql9jlF5h3syqxJENVSFiGsQRDdqG6-IoecqnBvCsqs,https://shopping.googleusercontent.com/image?q=AJqGhtUZso1spMN4nO4TVWdeE4YQpdnvAUddONOOJTffr-zwkfDaB_a6VYkoXnXiN_HrJpsXPF4QH3-3CWrv"
Betonwaschbecken Model V_06,5905490819369/6,399.00 EUR,neu,auf Lager,,DE,Online,DE,de,"Unsere handgefertigte Betonwaschbecken in Auberginefarbe sind das perfekte Beispiel für minimalistisches Design und hervorragende Handwerkskunst. Mit einem Durchmesser von 41 cm und einer Höhe von 13 cm ist dieses runde Betonwaschbecken ein Blickfang in jedem Badezimmer. Unsere Betonwaschbecken werden in einer Manufaktur hergestellt und sind einzigartige Stücke, die das moderne Bad-Design perfekt ergänzen. Entdecken Sie die Schönheit und Eleganz unserer Betonwaschbecken, die aus hochwertigem Beton gefertigt werden und ein ausgezeichnetes Beispiel für gutes Design und Handwerkskunst sind.",https://shopping.googleusercontent.com/image?q=AJqGhtVCgJ5Ntl4Wr6sGdWeW-BMWFQQKfYBqZCH6Y24MDg0d68pmB_1kSdPU5WLQ3c6u4MSKjTOaaRq-kRAB,aubergine,Ja,Voglio,https://www.concretebasinsvoglio.com/de/concrete-basin-V0,waschbecken,5905490819369,21,7,0,merge,"https://shopping.googleusercontent.com/image?q=AJqGhtVtz-t_UDRrKTIRpbjZJA9uj5U0yo6HU6L3N0E_WGIwxBhmDgkT3RsHJ7wsXa2zINNZvgCB107hRuAM,https://shopping.googleusercontent.com/image?q=AJqGhtXPprnlNn9Pf9kmRsY7EsZxsEtIjPmBf08OscQw4nSKaHFaY9JjIDMzVawr7vjnsLqp9IxnHBckV_PI,https://shopping.googleusercontent.com/image?q=AJqGhtVk0smgSW5nG18Dn6bzQxDlAKBLv5IpKx41CFpQObxUY61h_qDczVkjtee8J_FPOm-GuUIp2zIL18rF"
Betonwaschbecken Modell V_12,5905490819055/2,399.00 EUR,neu,auf Lager,,DE,Online,DE,de,"Die klassische Form hat einen quadratischen Grundriss mit leicht abgerundeten Ecken. Dieses besondere Objekt bringt die Einzigartigkeit von Architekturbeton besonders zum Ausdruck – nämlich seine charakteristische, unverwechselbare Optik und optische Leichtigkeit.
Jedes Waschbecken ist mit einer „Voglio“-Ätzgravur verziert.
Unsere Waschtische sind sowohl perfekte Ergänzungen zu bereits eingerichteten Innenräumen als auch das erste Element, von dem die Inneneinrichtung ausgeht.
Jede koloristische Version findet sich sowohl in der Umgebung von Holz als auch von kaltem Stahl wieder.

Abmessungen: Schüsselbreite und -höhe 39 cm (15,35 Zoll), Schüsseltiefe 13 cm (5,1 Zoll). 
Das Betonwaschbecken V_1 ist in 4 Farben erhältlich. Basic Light Grey, eine Mischung aus Architekturbeton ohne Zusatz von Pigmenten, Grau, Anthrazit und Schwarz.
Auf individuelle Anfrage können wir Elemente in den Farben der RAL-Skala herstellen. Entsprechende Farben sind auf den Fotos dargestellt.",https://shopping.googleusercontent.com/image?q=AJqGhtXmVxrtgq5l51wrxzxHVZ3tkNPxj9pnbVZzUaDdSAwJT_KcnzaaejwQzj9J7AZcXeCqkO529CWI2f1-,grau,Ja,Voglio,https://www.concretebasinsvoglio.com/de/concrete-basin-V1,waschbecken,5905490819055,21,7,0,merge,"https://shopping.googleusercontent.com/image?q=AJqGhtXlrGXda3_LlI6lhZyTmly25ClOYElQp-EH5GRNQZwHI2SfEaxBy6equDRiOtbN4EwkmHpVJfxpKTNg,https://shopping.googleusercontent.com/image?q=AJqGhtW4lLgENXMBWi6-1NlIxyW0wHQvvKshILX3KUg9ER_bIRrjdE4LRBBZ-lKgOW4cFo9WaIq3Y3LpdgFS,https://shopping.googleusercontent.com/image?q=AJqGhtUAmsPdjco13AFcL-iWLmEGy5Kkr5sZbOZ4LRfwUJM7qapmrODlLPsD1M8PcoJlmADx8qrqsv4u_HwH"
Betonwaschbecken modell V_73,5905490819307/3,336.00 EUR,neu,auf Lager,,DE,Online,DE,de,"Ein modisches, außergewöhnliches und zeitloses Material fügt sich perfekt in den Industrial Style ein. Jede der ausgewählten Versionen fügt sich perfekt in verschiedene Arten von Innenräumen ein – vom typischen Einfamilienhaus bis hin zu kalten, fabrikähnlichen Räumen. Die klassische Ellipsoidform mit dem halbkreisförmigen Verlauf der Seitenwände und den gewellten Rändern erweckt den Eindruck eines Perpetuum Mobile. Unter Beibehaltung hervorragender Proportionen sind unsere Waschbecken speziell für kleine Innenräume zugeschnitten, in denen es entscheidend darauf ankommt, jeden cm2 gut zu nutzen.

Jedes Waschbecken ist mit einer „Voglio“-Ätzgravur verziert.
Unsere Waschtische sind sowohl perfekte Ergänzungen zu bereits eingerichteten Innenräumen als auch das erste Element, von dem die Inneneinrichtung ausgeht.
Jede koloristische Version findet sich sowohl in der Umgebung von Holz als auch von kaltem Stahl wieder.

Abmessungen: Schalenellipse 35 cm (13,78 Zoll)/27 cm (10,63 Zoll), Schalentiefe 13 cm (5,1 Zoll).
Das Betonwaschbecken V_7 ist in 4 Farben erhältlich. Basic Light Grey, eine Mischung aus Architekturbeton ohne Zusatz von Pigmenten, Grau, Anthrazit und Schwarz.
Auf individuelle Anfrage können wir Elemente in den Farben der RAL-Skala herstellen. Entsprechende Farben sind auf den Fotos abgebildet.",https://shopping.googleusercontent.com/image?q=AJqGhtVr8juTJlIAtwWb9fUbixFTvc6wTl-py09PjlqnuksBWStwK3CkmC8SVFM6nZA0s6et8WuglucucE8P,anthrazit,Ja,Voglio,https://www.concretebasinsvoglio.com/de/v-70,waschbecken,5905490819307,21,7,0,merge,"https://shopping.googleusercontent.com/image?q=AJqGhtXBvAdCQlWFt7nMXxaCzlD2Uaa6kq9R62UTusuOL43hDxK-V2VlfkkHITZ0Hyfvz1Nd4qVLiiyg3-H8,https://shopping.googleusercontent.com/image?q=AJqGhtWIU0DLrvYyEViUex5SuTZ9GnZd9R-9QilPcmKaOo3yuQfVs50ylN2dbFRVjm5XYS-6EVKpURz0G0r5,https://shopping.googleusercontent.com/image?q=AJqGhtXrD3-nkKHp5CzRlLn2Nzsg164gqY4RJbBxF6srpUieUHiNKKpmjFqxAto8z5ceM7q6w6r0C437GtxB"
Betonwaschbecken Modell V_64,5905490819277/4,450.00 EUR,neu,auf Lager,,DE,Online,DE,de,"Die klassische Form auf einem elliptischen Grundriss, mit nach unten leicht verjüngten Wänden.  Obwohl es einer unserer größten Waschtische ist, wirkt es durch seine subtile Form ungewöhnlich leicht. Das und eine geringe Dicke der Wände vermitteln den Eindruck, es handle sich um ein filigranes Objekt, das sowohl klassische als auch industrielle Interieurs perfekt ergänzen kann.

Jedes Waschbecken ist mit einer „Voglio“-Ätzgravur verziert.

Unsere Waschtische sind sowohl perfekte Ergänzungen zu bereits eingerichteten Innenräumen als auch das erste Element, von dem die Inneneinrichtung ausgeht.

Jede koloristische Version findet sich sowohl im Umfeld von Holz als auch von kaltem Stahl wieder.

 

Abmessungen: Schalenellipse 53 (20,86 Zoll)/33 cm (12,99 Zoll), Schalentiefe 14 cm (5,5 Zoll).

Das Betonwaschbecken V_6 ist in 4 Farben erhältlich. Basic Light Grey, eine Mischung aus Architekturbeton ohne Zusatz von Pigmenten, Grau, Anthrazit und Schwarz.

Auf individuelle Anfrage können wir Elemente in den Farben der RAL-Skala herstellen",https://shopping.googleusercontent.com/image?q=AJqGhtXKgA57tgUwqaU6xbFC645L7SxePubCixj4rJDCJxRr6tDheUzgngh2PWHjMPBX4pFoLDQy1owAWbXx,schwarz,Ja,Voglio,https://www.concretebasinsvoglio.com/de/concrete-sinks-and-basins-V6,waschbecken,5905490819277,21,7,0,merge,"https://shopping.googleusercontent.com/image?q=AJqGhtVy0kuSSkrBce01jo3Wiks3boXFDOO438ci6xBGv28O3e_9944-4agrORGrL4M_a_ruIJwlIhICJ15U,https://shopping.googleusercontent.com/image?q=AJqGhtVWF1NHIZQxeYgFv-d88RNub6E3yoEdDWqVcM0OyGRucMsAMysTnjqOIB_VLb9Ngoq8hA5WmiAX-V93"
Betonwaschbecken Modell V_32,5905490819130/2,380.00 EUR,neu,auf Lager,,DE,Online,DE,de,"Klassische Form in universeller Form. Ein Modell mit Abmessungen, die sowohl in große als auch in kleine Räume passen, in denen es darauf ankommt, jeden cm2 gut zu nutzen. Dieser besondere Artikel sieht aus, als wäre es eine lose Schüssel, die einfach auf der Theke steht. Das verleiht ihm einen leichten Eindruck und macht ihn gerade für minimalistische Interieurs perfekt.

Jedes Waschbecken ist mit einer „Voglio“-Ätzgravur verziert. Unsere Betonwaschbecken sind sowohl perfekte Ergänzungen zu bereits eingerichteten Innenräumen als auch das erste Element, von dem die Inneneinrichtung ausgeht. Jede koloristische Version findet sich sowohl in der Umgebung von Holz als auch von kaltem Stahl wieder.

Abmessungen: Schüsseldurchmesser 39 cm (15,35 Zoll), Schüsseltiefe 13 cm 5,1 Zoll). Das Betonwaschbecken V_3 ist in 4 Farben erhältlich. Basic Light Grey, eine Mischung aus architektonischem Beton ohne Zusatz von Pigmenten, Grau, Anthrazit und Schwarz. Auf individuelle Anfrage können wir Elemente in den Farben der RAL-Skala herstellen. Entsprechende Farben sind auf den Fotos abgebildet.",https://shopping.googleusercontent.com/image?q=AJqGhtUlFcR_B1GnHA8kbPTS3Kzdwe0ngVVitArkCxHhv3yoKzixAaXPPOCqfTOphVeKIyBAhDS3uDw-Uhp8,grau,Ja,Voglio,https://www.concretebasinsvoglio.com/de/concrete-washbasin-V2,waschbecken,5905490819130,21,7,0,merge,"https://shopping.googleusercontent.com/image?q=AJqGhtU5SmbHnKAxI3hyGxY6KrFt7LSXwNFnrxtuUhYXBuHwoXvMzVIFeOqbv8AT-gjMljmtt5fL7W6udF-H,https://shopping.googleusercontent.com/image?q=AJqGhtWVAYRHOigoTE-BWWFaWJRD-unZiEZ14V7pPpkiwMvPI-kNhg1brGPoONS-lcwIfmaQ2OnGi4cKsmbl"
Betonwaschbecken Modell V_34,5905490819154/4,380.00 EUR,neu,auf Lager,,DE,Online,DE,de,"Klassische Form in universeller Form. Ein Modell mit Abmessungen, die sowohl in große als auch in kleine Räume passen, in denen es darauf ankommt, jeden cm2 gut zu nutzen. Dieser besondere Artikel sieht aus, als wäre es eine lose Schüssel, die einfach auf der Theke steht. Das verleiht ihm einen leichten Eindruck und macht ihn gerade für minimalistische Interieurs perfekt.
Jedes Waschbecken ist mit einer „Voglio“-Ätzgravur verziert.
Unsere Waschtische sind sowohl perfekte Ergänzungen zu bereits eingerichteten Innenräumen als auch das erste Element, von dem die Inneneinrichtung ausgeht.
Jede koloristische Version findet sich sowohl in der Umgebung von Holz als auch von kaltem Stahl wieder.

Abmessungen: Schüsseldurchmesser 39 cm (15,35 Zoll), Schüsseltiefe 13 cm 5,1 Zoll).
Das Betonwaschbecken V_3 ist in 4 Farben erhältlich. Basic Light Grey, eine Mischung aus Architekturbeton ohne Zusatz von Pigmenten, Grau, Anthrazit und Schwarz.
Auf individuelle Anfrage können wir Elemente in den Farben der RAL-Skala herstellen. Entsprechende Farben sind auf den Fotos abgebildet.",https://shopping.googleusercontent.com/image?q=AJqGhtVbI9dVJZe7mypAb4IKBJBQxXWUR7LfbvBJR-HaRaBZ8t76Doc_U0eh-_moiY5S4kCPPtsY-Nma5Jxz,schwarz,Ja,Voglio,https://www.concretebasinsvoglio.com/de/concrete-washbasin-V2,waschbecken,5905490819154,21,7,0,merge,"https://shopping.googleusercontent.com/image?q=AJqGhtXAWLZH6vMUJ_CB-SE-5dFSBnRP12DsMm6v1visOSX0zoeadr5YcvC-MLeFEdbDeh3LnQS0WfCsGSie,https://shopping.googleusercontent.com/image?q=AJqGhtU5kK0RE-M00d4Kd89QW15H99w3kO1dFes7EtNALBb7jZ0VhsDzorn5PJ64JZ5pYM913GHE3pNP94bc"
Betonwaschbecken modell V_11,5905490819048/1,399.00 EUR,neu,auf Lager,,DE,Online,DE,de,"Entdecken Sie das einzigartige Betonwaschbecken V_1 mit seinem klassischen, quadratischen Grundriss und leicht abgerundeten Ecken. Dieses besondere Objekt bringt die Einzigartigkeit von Architekturbeton besonders zum Ausdruck – nämlich seine charakteristische, unverwechselbare Optik und optische Leichtigkeit. Mit einer „Voglio“-Ätzgravur verziert, ist jedes Waschbecken ein wahrer Hingucker.

Unsere Betonwaschbecken sind nicht nur perfekte Ergänzungen zu bereits eingerichteten Innenräumen, sondern auch das erste Element, von dem die Inneneinrichtung ausgeht. Jede koloristische Version findet sich sowohl in der Umgebung von Holz als auch von kaltem Stahl wieder, was eine vielseitige Verwendung ermöglicht.

Mit einer Schüsselbreite und -höhe von 39 cm (15,35 Zoll) und einer Schüsseltiefe von 13 cm (5,1 Zoll) bietet das Betonwaschbecken V_1 ausreichend Platz für den täglichen Gebrauch. Es ist in 4 Farben erhältlich: Basic Light Grey, Grau, Anthrazit und Schwarz. Auf individuelle Anfrage können wir auch Elemente in den Farben der RAL-Skala herstellen. Entsprechende Farben sind auf den Fotos dargestellt.

Entscheiden Sie sich für das Betonwaschbecken V_1 und bringen Sie ein einzigartiges Stück Architekturbeton in Ihr Zuhause.",https://shopping.googleusercontent.com/image?q=AJqGhtXwhf879RieMJrjMNK_HSgucieH0W_mqHEa6MpaRdho6QmUbEXztsj8UeAwqbuj46agNQuJNV63KS9v,hellgrau,Ja,voglio,https://www.concretebasinsvoglio.com/de/concrete-basin-V1,waschbecken,5905490819048,21,7,0,merge,"https://shopping.googleusercontent.com/image?q=AJqGhtV7cCnnl1ywPNRgX_B9rB2ICzsLJDtf1pbACxJqCAcGGcLozYD0yyh99ley8gUxcs9IphxGnBW2RnHg,https://shopping.googleusercontent.com/image?q=AJqGhtVk_Y9a75nTG2EJI-susmgPBjSUBiHkM2aAXkomOH-vXF8tF0XRYw6sJ8XqIhNi_ab8QiwhOfdz2oYP"
Betonwaschbecken Modell V_56,5905490819666/6,336.00 EUR,neu,auf Lager,,DE,Online,DE,de,"Dieses wunderschöne Waschbecken aus Beton wird Ihrem Badezimmer oder Ihrer Küche einen Hauch von Eleganz und Modernität verleihen. Mit seiner runden Form und der glatten Textur ist es ein einzigartiges Stück, das sich perfekt in jedes zeitgenössische Dekor einfügt. Das Waschbecken ist handgefertigt und aus hochwertigem Beton hergestellt, was es robust und langlebig macht. Seine Abmessungen betragen 32 cm im Durchmesser und 13 cm in der Höhe. Der auffällige Aubergine-Farbton verleiht ihm eine kühne und dramatische Note, die das Auge jedes Betrachters auf sich zieht. Das Betonwaschbecken ist nicht nur ein praktisches Element, sondern auch eine Kunstform, die Ihrem Raum Charakter verleiht.

Schlüsselwörter: Betonwaschbecken, Waschbecken aus Beton, runde Waschbecken-Schale, handgefertigt, langlebig, Aubergine-Farbe, zeitgenössisches Dekor.",https://shopping.googleusercontent.com/image?q=AJqGhtWNj-8jAzmiXiG6meByWX2ThrwpYcw24AeYub9anZTVKp-uxQ41chZlEv2J3vrfVkpXDCAXKQE_2wQ3,aubergine,Ja,Voglio,https://www.concretebasinsvoglio.com/de/cncrete-sink-V5,waschbecken,5905490819666,21,7,0,merge,"https://shopping.googleusercontent.com/image?q=AJqGhtWB5J97hB5w3mfQ44OP0ixVU9AChc_pEKga_iAuY0g5FBRodqr8W5PlugF3qrJzz4jWcL41L3O7ryhl,https://shopping.googleusercontent.com/image?q=AJqGhtVbGGDZK8699t4kO9PnVFWsXS9XlowrZ5yTJJ2obSmB16OxrPhiKdODmnE0V86FOFJAsxkr0pSK3mJc,https://shopping.googleusercontent.com/image?q=AJqGhtWfq_3vZ5Q_OrcqQa8TNCW7LWust0Wf3z9iQHR6PB1Sv1NqPkylLDqSOCbXsco-NVab74keS1CCnxZP"
Betonwaschbecken Modell V_02,5905490819017/2,399.00 EUR,neu,auf Lager,,DE,Online,DE,de,"Ein sehr einzigartiges Modell, das gleichzeitig ein perfekter Ausdruck des klassischen, abgerundeten Stils ist. Obwohl es offensichtlich erscheinen mag, ist eine Maßnahme zur Herstellung eines Waschbeckens auf einem Kreisplan ziemlich selten. Passt besonders gut in kleine Räume und ist eine harmonische Ergänzung zu warmen Innenräumen, die gemütliche, wohnliche Konnotationen vermitteln. Gleichzeitig kann es sich an industrielle Arrangements anpassen und mit ihnen ein kohärentes Ganzes bilden.
Jedes Waschbecken ist mit einer „Voglio“-Ätzgravur verziert.
Unsere Waschtische sind sowohl perfekte Ergänzungen zu bereits eingerichteten Innenräumen als auch das erste Element, von dem die Inneneinrichtung ausgeht.
Jede koloristische Version findet sich sowohl in der Umgebung von Holz als auch von kaltem Stahl wieder.

Abmessungen: Schüsseldurchmesser 41 cm (16,1 Zoll ), Schüsseltiefe 13 cm (5,1 Zoll) . 
Das Betonwaschbecken V_0 ist in 4 Farben erhältlich. Basic Light Grey, eine Mischung aus Architekturbeton ohne Zusatz von Pigmenten, Grau, Anthrazit und Schwarz.
Auf individuelle Anfrage können wir Elemente in den Farben der RAL-Skala herstellen. Entsprechende Farben sind auf den Fotos abgebildet.
",https://shopping.googleusercontent.com/image?q=AJqGhtVb7wcVq0Og4y_y-qjH-Ah0n9-vJcJYg0aUpJvpEvnAwsiMAo9kVRHQVHxoeJQCFb7c0jU1C44Ru4Aw,grau,Ja,Voglio,https://www.concretebasinsvoglio.com/de/concrete-basin-V0,waschbecken,5905490819017,21,7,0,merge,"https://shopping.googleusercontent.com/image?q=AJqGhtXSLAdhqrGA9V2xxXnthUM12t11PHrUdU7UTile0gYZYh-gTHvPegjH6bBklMuoVdhjhQaCp2TB4Yqj,https://shopping.googleusercontent.com/image?q=AJqGhtVB1gyJDYwBZMX8rJ0IOWvbWV_SOC5tAJyInBnlIHgJYNBdG6kaYB3aQx7XaHaGlV9cDJiDUrU16BME,https://shopping.googleusercontent.com/image?q=AJqGhtWMtDLTWx2ESz6Z8IGkVVm85NEUX2JdpG_EBBfOPsV4IRQhVWafPjpGlHnr1w3F-aFcHepNc8kQ8Enr"
Betonwaschbecken modell V_24,5905490819116/4,450.00 EUR,neu,auf Lager,,DE,Online,DE,de,"Die klassische Form hat einen rechteckigen Grundriss mit leicht abgerundeten Ecken. Dieses besondere Objekt bringt die Einzigartigkeit von Architekturbeton besonders zum Ausdruck – nämlich seine charakteristische, unverwechselbare Optik und optische Leichtigkeit. All diese Eigenschaften machen das Modell V_2 zu einem herausragenden Element des Interieurs.
Jedes Waschbecken ist mit einer „Voglio“-Ätzgravur verziert.
Unsere Waschtische sind sowohl perfekte Ergänzungen zu bereits eingerichteten Innenräumen als auch das erste Element, von dem die Inneneinrichtung ausgeht.
Jede koloristische Version findet sich sowohl in der Umgebung von Holz als auch von kaltem Stahl wieder.

Abmessungen: Schüssellänge 50,5 cm (19,88 Zoll), Breite 39,5 cm (15,55 Zoll), Schüsseltiefe 13 cm (5,1 Zoll).
Das Betonwaschbecken V_2 ist in 4 Farben erhältlich. Basic Light Grey, eine Mischung aus Architekturbeton ohne Zusatz von Pigmenten, Grau, Anthrazit und Schwarz.
Auf individuelle Anfrage können wir Elemente in den Farben der RAL-Skala herstellen. Entsprechende Farben sind auf den Fotos abgebildet.",https://shopping.googleusercontent.com/image?q=AJqGhtWM4jcq-ohRhaNbsFohShs41UKW2BvPGIdOupAG5HsOPAPlCqBBV9fVCnvUNeJAjlRqiBQNrs1AY2Ur,schwarz,Ja,Voglio,https://www.concretebasinsvoglio.com/de/concrete-basin-V2,waschbecken,5905490819116,21,7,0,merge,"https://shopping.googleusercontent.com/image?q=AJqGhtV8wv3T_H4NJzUZhjKcQSkHdtjfaXeNZCcx6gdgRD7vcpPxiuzg7e9vR42yzFziMybM75Iwwwdkzbyc,https://shopping.googleusercontent.com/image?q=AJqGhtXyoZlsqMrY148VU0cB46rKKfnwD7Q_solbMaLZrj4BaVECb6f6dIsw7wJtRRlr6I2bn6bj2khFfwUW"
Betonwaschbecken Modell V_52,5905490819215/2,336.00 EUR,neu,auf Lager,,DE,Online,DE,de,"Dieses Waschbecken ist eine großartige Möglichkeit, um Platz zu sparen und jeden Quadratzentimeter optimal zu nutzen. Es hat eine klassische und universelle Form, die perfekt zu bereits eingerichteten Innenräumen passt und ein großartiges Ausgangselement für die Inneneinrichtung ist. Das Waschbecken ist mit einer ""Voglio""-Gravur verziert und in verschiedenen Farben erhältlich, einschließlich Basic Light Grey, Grau, Anthrazit und Schwarz. Die Abmessungen des Waschbeckens betragen 32 cm im Durchmesser und 13 cm in der Tiefe. Auf Anfrage können auch individuelle Farben aus der RAL-Skala hergestellt werden.",https://shopping.googleusercontent.com/image?q=AJqGhtWk5IC4TlnOPqzHHqbjzo40t0Jhr7hBZP1N5FGm_VEfd4AinGxeVt_opOEdhmyIm1lvESJjBecIBRX-,grau,Ja,Voglio,https://www.concretebasinsvoglio.com/de/cncrete-sink-V5,waschbecken,5905490819215,21,7,0,merge,"https://shopping.googleusercontent.com/image?q=AJqGhtVQY3130qAm2UbcJHVJmEaDWQjLS-Bf_JV_C_SoftCkBmKGhZYvb-4EJBb8wrzftajVgsYCiaFymnVP,https://shopping.googleusercontent.com/image?q=AJqGhtXSAME9-dP26O7_0ARNUhzlqxtUbbKDUVhigBJwhQqTZxj8nppTaIBdSTQPpSWG87c-pmRBJwJJg6L-,https://shopping.googleusercontent.com/image?q=AJqGhtUriA0yY_yhnNz7SuR5lSez3PR7qXCpDisH-KGLx_TAPo61mzQRwXyJUOrXnUb8wC3jfjMKV5VCChzp"
Betonwaschbecken Modell V_13,2325253795,399.00 EUR,neu,auf Lager,,DE,Online,DE,de,"Dieses besondere Waschbecken V_1 aus Architekturbeton hat einen quadratischen Grundriss mit leicht abgerundeten Ecken und verfügt über eine charakteristische, unverwechselbare Optik und optische Leichtigkeit. Jedes Waschbecken ist mit einer ""Voglio""-Ätzgravur verziert und kann sowohl als perfekte Ergänzung zu bereits eingerichteten Innenräumen als auch als erstes Element der Inneneinrichtung dienen. Das Waschbecken ist in vier Farben erhältlich: Basic Light Grey, Grau, Anthrazit und Schwarz. Die Abmessungen betragen 39 cm (15,35 Zoll) in Breite und Höhe der Schüssel und 13 cm (5,1 Zoll) in Schüsseltiefe. Auf individuelle Anfrage können Waschbecken in den Farben der RAL-Skala hergestellt werden.",https://shopping.googleusercontent.com/image?q=AJqGhtWY2toJm3Gt1Ui4jLT5aK7UV5vVc9zVUO-iaZLaAnSlOi33jt5ufI8j9nuzPmSBZjqagOZovLVOAb-0,,Ja,Voglio,https://www.concretebasinsvoglio.com/de/concrete-basin-V1,waschbecken,5905490819062,21,7,0,merge,"https://shopping.googleusercontent.com/image?q=AJqGhtWwtYXRD8PG3ykoJVN_jlosXQx32eteqS7CuJIyMiRziN1210KbSxjDaC2mQuaC29ge99lQf8uTDT8b,https://shopping.googleusercontent.com/image?q=AJqGhtX-8iGxYFUJdZZ2YfD0zrzWLUYKskXqWG0-cEsVaN6MEX_YtXozbVeJxdEv_1qZzL2YS_xRRjROF7o5"
Betonwaschbecken modell V_53,5905490819222/3,336.00 EUR,neu,auf Lager,,DE,Online,DE,de,"Diese Art von Waschbecken ist ein Vorschlag, um einen Raum mit wenig Stellfläche zu ergänzen. Es eignet sich perfekt für Orte, an denen es entscheidend ist, jeden cm2 gut zu nutzen. Die klassische und universelle Form macht es zu einer perfekten Ergänzung zu bereits eingerichteten Innenräumen sowie zum ersten Element, von dem die Inneneinrichtung ausgeht.
Jedes Waschbecken ist mit einer „Voglio“-Ätzgravur verziert.
Unsere Waschtische sind sowohl perfekte Ergänzungen zu bereits eingerichteten Innenräumen als auch das erste Element, von dem die Inneneinrichtung ausgeht.
Jede koloristische Version findet sich sowohl in der Umgebung von Holz als auch von kaltem Stahl wieder.

Abmessungen: Schüsseldurchmesser 32 cm (12,6 Zoll), Schüsseltiefe 13 cm (5,1 Zoll).
Das Betonwaschbecken V_5 ist in 4 Farben erhältlich. Basic Light Grey, eine Mischung aus Architekturbeton ohne Zusatz von Pigmenten, Grau, Anthrazit und Schwarz.
Auf individuelle Anfrage können wir Elemente in den Farben der RAL-Skala herstellen. Entsprechende Farben sind auf den Fotos abgebildet.",https://shopping.googleusercontent.com/image?q=AJqGhtVdRVdxXJQkA7uGHdcTyzHiMNOBcHcVnWXJydxI4N9-Xz1xxonatiwo4G2XujkNWiBp0n4Ep1u4wkr1,anthrazit,Ja,Voglio,https://www.concretebasinsvoglio.com/de/cncrete-sink-V5,waschbecken,5905490819222,21,7,0,merge,"https://shopping.googleusercontent.com/image?q=AJqGhtV3_baAkMy56fF4JKJ9gzbeoMK8H5PNHf36iYBzPKG2Skin-_VdWH2NoQkekTxWY0K1BObt8Si7AR3U,https://shopping.googleusercontent.com/image?q=AJqGhtUXYxili2uD3RBG5b3gP81ojF3Lx48FLzs8TxcA0METQ3OurlVl75rywoFgohFyPSTEY5SmXoaIto4v,https://shopping.googleusercontent.com/image?q=AJqGhtVmZZiTq9_g2FvSR8zj_RoBGFuKiaXm8YnU6n5mPJmcE81UNKP0TMe13gz9A_VBEqwQcSqMKFEMhRTZ"
Bwtonwaschbecken Modell V_04,5905490819031/4,399.00 EUR,neu,auf Lager,,DE,Online,DE,de,"Ein sehr einzigartiges Modell, das gleichzeitig ein perfekter Ausdruck des klassischen, abgerundeten Stils ist. Obwohl es offensichtlich erscheinen mag, ist eine Maßnahme zur Herstellung eines Waschbeckens auf einem Kreisplan ziemlich selten. Passt besonders gut in kleine Räume und ist eine harmonische Ergänzung zu warmen Innenräumen, die gemütliche, wohnliche Konnotationen vermitteln. Gleichzeitig kann es sich an industrielle Arrangements anpassen und mit ihnen ein kohärentes Ganzes bilden.
Jedes Waschbecken ist mit einer „Voglio“-Ätzgravur verziert.
Unsere Waschtische sind sowohl perfekte Ergänzungen zu bereits eingerichteten Innenräumen als auch das erste Element, von dem die Inneneinrichtung ausgeht.
Jede koloristische Version findet sich sowohl in der Umgebung von Holz als auch von kaltem Stahl wieder.

Abmessungen: Schüsseldurchmesser 41 cm (16,1 Zoll ), Schüsseltiefe 13 cm (5,1 Zoll) . 
Das Betonwaschbecken V_0 ist in 4 Farben erhältlich. Basic Light Grey, eine Mischung aus Architekturbeton ohne Zusatz von Pigmenten, Grau, Anthrazit und Schwarz.
Auf individuelle Anfrage können wir Elemente in den Farben der RAL-Skala herstellen. Entsprechende Farben sind auf den Fotos abgebildet.
",https://shopping.googleusercontent.com/image?q=AJqGhtVtQhAgO42O8-kOIXKI8GX6pmMlIEfbhnA-kii1KPxmOCHd30D-bSBcvjlGr9gAwbanN-oHhbtwm87e,schwarz,Ja,Voglio,https://www.concretebasinsvoglio.com/de/concrete-basin-V0,waschbecken,5905490819031,21,7,0,merge,"https://shopping.googleusercontent.com/image?q=AJqGhtVZNo1hlyx8x1OV_4gH7gawAuiUb8-MI1XoZCLnGPEru03tQE2rxn6AMlFm1ggEhEjenmiocwlDlY70,https://shopping.googleusercontent.com/image?q=AJqGhtXfeQD0AAW7MoqNatlNneFUW7TlKu8PHQvf5GI5vPd5anz1Az7rDXAtOb6-ApGzgAMkLD9JduJlZRrf,https://shopping.googleusercontent.com/image?q=AJqGhtW4Z57TCki6M7Ubna031CgWT-nnspX5hIwck7iY6fFXYZsnba6wv_Ywq8f2LhC82u6kKO3yoT2bkeDs"
Betonwaschbecken Modell V_72,5905490819291/2,336.00 EUR,neu,auf Lager,,DE,Online,DE,de,"Ein modisches, außergewöhnliches und zeitloses Material fügt sich perfekt in den Industrial Style ein. Jede der ausgewählten Versionen fügt sich perfekt in verschiedene Arten von Innenräumen ein – vom typischen Einfamilienhaus bis hin zu kalten, fabrikähnlichen Räumen. Die klassische Ellipsoidform mit dem halbkreisförmigen Verlauf der Seitenwände und den gewellten Rändern erweckt den Eindruck eines Perpetuum Mobile. Unter Beibehaltung hervorragender Proportionen sind unsere Waschbecken speziell für kleine Innenräume zugeschnitten, in denen es entscheidend darauf ankommt, jeden cm2 gut zu nutzen.

Jedes Waschbecken ist mit einer „Voglio“-Ätzgravur verziert.
Unsere Waschtische sind sowohl perfekte Ergänzungen zu bereits eingerichteten Innenräumen als auch das erste Element, von dem die Inneneinrichtung ausgeht.
Jede koloristische Version findet sich sowohl in der Umgebung von Holz als auch von kaltem Stahl wieder.

Abmessungen: Schalenellipse 35 cm (13,78 Zoll)/27 cm (10,63 Zoll), Schalentiefe 13 cm (5,1 Zoll).
Das Betonwaschbecken V_7 ist in 4 Farben erhältlich. Basic Light Grey, eine Mischung aus Architekturbeton ohne Zusatz von Pigmenten, Grau, Anthrazit und Schwarz.
Auf individuelle Anfrage können wir Elemente in den Farben der RAL-Skala herstellen. Entsprechende Farben sind auf den Fotos abgebildet.",https://shopping.googleusercontent.com/image?q=AJqGhtXMOL28iBZpY-4YOuWmIPuvAjSiBa0I80OBzR0QQIJ1IjIiPR5Pnob5tIrB5F_VrwcC5gBiOV-0lQv_,grau,Ja,Voglio,https://www.concretebasinsvoglio.com/de/v-70,waschbecken,5905490819291,21,7,0,merge,"https://shopping.googleusercontent.com/image?q=AJqGhtXfY8bJTfGPOS3li2ZpRvCP0oft8LmRDAaV_52k-HfJHtSM9QtsPA7dn-Mrb9PxrAqRhWjG2jfQEEHF,https://shopping.googleusercontent.com/image?q=AJqGhtXPA09ss03kAqndiWr1qWiEYaOT2fLeOs3b5rW-_l7JLMDZUmTwNa6RwDAOaFKOu77ru0t33nF_4DLo,https://shopping.googleusercontent.com/image?q=AJqGhtWDpsCIyYQhkfEkBbtIjhsdRnc1AuKuISXmlZZN2pUTQwIiEEir2dd5rH6tmuA0BmcebiPTReRbs1rK"
Voglio |Betonbecken und -spülen,8987890280601490149,,neu,auf Lager,"GB,DE,FR,IT,ES,NL,AT,BE,CH,IE,PL,SE,NO,DK,CZ,PT,GR,FI,HU,SK",,Online,DE,de,"Ein sehr einzigartiges Modell, das gleichzeitig ein perfekter Ausdruck des klassischen, abgerundeten Stils ist. Obwohl es offensichtlich erscheinen mag, ist eine Maßnahme zur Herstellung eines Waschbeckens auf einem Kreisplan ziemlich selten. Passt besonders gut in kleine Räume und ist eine harmonische Ergänzung zu warmen Innenräumen, die gemütliche, wohnliche Konnotationen vermitteln. Gleichzeitig kann es sich an industrielle Arrangements anpassen und mit ihnen ein kohärentes Ganzes bilden. Jedes Waschbecken ist mit einer „Voglio“-Ätzgravur verziert. Unsere Waschtische sind sowohl perfekte Ergänzungen zu bereits eingerichteten Innenräumen als auch das erste Element, von dem die Inneneinrichtung ausgeht. Jede koloristische Version findet sich sowohl in der Umgebung von Holz als auch von kaltem Stahl wieder. Abmessungen: Schüsseldurchmesser 41 cm (16,1 Zoll ), Schüsseltiefe 13 cm (5,1 Zoll) . Das Betonwaschbecken V_0 ist in 4 Farben erhältlich. Basic Light Grey, eine Mischung aus Architekturbeton ohne Zusatz von Pigmenten, Grau, Anthrazit und Schwarz. Auf individuelle Anfrage können wir Elemente in den Farben der RAL-Skala herstellen. Entsprechende Farben sind auf den Fotos abgebildet.","https://static.wixstatic.com/media/e8e5fd_8cb7c245c888473cbc41c237a195c820~mv2.jpg/v1/fit/w_500,h_500,q_90/file.jpg",,,,https://www.concretebasinsvoglio.com/concretebasins,,,21,7,0,merge,
Betonwasch becken V_210,5905490819529/210,450.00 EUR,neu,auf Lager,,DE,Online,DE,de,"Unsere Beton-Waschbecken sind einzigartig und bringen die Einzigartigkeit von Architekturbeton besonders zum Ausdruck. Das Modell V_2 besticht durch seine klassische Form mit einem rechteckigen Grundriss und leicht abgerundeten Ecken. Diese besondere Formgebung verleiht dem Waschbecken eine optische Leichtigkeit und charakteristische, unverwechselbare Optik.

Das V_2 Waschbecken ist aus hochwertigem Beton gefertigt und in dunklem Pastellgrün erhältlich. Die Farbe verleiht dem Waschbecken eine besondere Atmosphäre und fügt sich perfekt in eine Vielzahl von Interieurs ein. Jedes Waschbecken ist mit einer ""Voglio""-Ätzgravur verziert und verleiht ihm somit eine individuelle Note.

Die Abmessungen des Waschbeckens betragen 50,5 cm x 39,5 cm x 13 cm (Länge x Breite x Tiefe). Das V_2 Waschbecken ist eine perfekte Ergänzung für bereits eingerichtete Innenräume oder kann als erstes Element für eine neue Inneneinrichtung dienen.

Unsere Beton-Waschbecken sind in verschiedenen Farben erhältlich, darunter auch individuelle Farben nach RAL-Skala auf Anfrage. Entsprechende Farben sind auf den Fotos abgebildet. Bestellen Sie noch heute Ihr einzigartiges V_2 Beton-Waschbecken in dunklem Pastellgrün und machen Sie es zum Highlight Ihres Badezimmers!",https://shopping.googleusercontent.com/image?q=AJqGhtV3I_t5XhKHCn5RWIOlVCh-xCGUL1Vk64B9HYSHjrZATe37fWy-jJISl4WREnTn92JjQg4m33rmqjCu,dunkelgrün,Ja,Voglio,https://www.concretebasinsvoglio.com/de/concrete-basin-V2,waschbecken,5905490819529,21,7,0,merge,"https://shopping.googleusercontent.com/image?q=AJqGhtX69i4UVrNQKO2vyyUAJrm_kMKrVEturDyk_nxohuorfWmqTuG8-FF3Jrn6uL7rXNtt4rzl3mnU4_PR,https://shopping.googleusercontent.com/image?q=AJqGhtUwj-uctmuHoi3IfgDXkUyHsNCB0puXKumINSVhhGpM6ANwoxozUMZEOx3jhMKOxji--P_5q2trRY_1,https://shopping.googleusercontent.com/image?q=AJqGhtXA1L6LQun4jkos7HKlcMLaqFE4Odosyc8HootxI_5NRlQxq-sVxisegqAinpTPRG9M10GKKZkIaBtf"
Betonwaschbecken modell V_21,5905490819086/1,450.00 EUR,neu,auf Lager,,DE,Online,DE,de,"Unser Betonwaschbecken V_2 vereint Minimalismus und moderne Architektur in einem rechteckigen Design mit abgerundeten Ecken. Das einzigartige Material verleiht dem Waschbecken eine charakteristische Optik und optische Leichtigkeit, die es zu einem herausragenden Element in jedem Interieur machen. Jedes Waschbecken ist mit einer eleganten „Voglio“-Ätzgravur verziert und kann sowohl als perfekte Ergänzung zu bereits eingerichteten Innenräumen dienen als auch als Ausgangspunkt für die Gestaltung des gesamten Raumes. Das Betonwaschbecken V_2 ist in 4 Farben erhältlich: Basic Light Grey, Grau, Anthrazit und Schwarz. Auf individuelle Anfrage können wir auch Waschbecken in den Farben der RAL-Skala herstellen. Die verschiedenen koloristischen Versionen passen perfekt zur Umgebung von Holz oder kaltem Stahl. Mit einer Schüssellänge von 50,5 cm, einer Breite von 39,5 cm und einer Schüsseltiefe von 13 cm ist das Betonwaschbecken V_2 nicht nur ein stilvolles, sondern auch ein praktisches Accessoire für jedes Badezimmer.",https://shopping.googleusercontent.com/image?q=AJqGhtVCsONhjoBh5oO71Xh1sjE4jtga5RW72NRLLub4faBjtw9bDWWWQsXTJYHAgNRqN2lZpVnxPm3ja8v6,hellgrau,Ja,Voglio,https://www.concretebasinsvoglio.com/de/concrete-basin-V2,waschbecken,5905490819086,21,7,0,merge,"https://shopping.googleusercontent.com/image?q=AJqGhtUZu7BcGAv0DB9ynwrSJ-VFT0EeFFTK3RC0_B6Okt-97Rx-55_RqsEtaAu--qprokVrvLZnKPMwJOBD,https://shopping.googleusercontent.com/image?q=AJqGhtVKRtH7_xrb3nZmrs8WV7O_MxErvz_N_TwMxCgOc1OJQSWTvrhiOpWfIqlLMTinoSZcOf7rwnEpnYjW,https://shopping.googleusercontent.com/image?q=AJqGhtX-7Xp-oxLqRm74bGnCwd-v3EzHZuogmCS29vw2KYN80YrXCOZdFPjFGHM247fDPrDwMjznWKxsK4Qk"
Beronwaschbecken Modell V_23,5905490819109/3,450.00 EUR,neu,auf Lager,,DE,Online,DE,de,"Die klassische Form hat einen rechteckigen Grundriss mit leicht abgerundeten Ecken. Dieses besondere Objekt bringt die Einzigartigkeit von Architekturbeton besonders zum Ausdruck – nämlich seine charakteristische, unverwechselbare Optik und optische Leichtigkeit. All diese Eigenschaften machen das Modell V_2 in der Farbe Anthrazit zu einem herausragenden Element des Interieurs.
Jedes Waschbecken ist mit einer „Voglio“-Ätzgravur verziert.
Unsere Waschtische sind sowohl perfekte Ergänzungen zu bereits eingerichteten Innenräumen als auch das erste Element, von dem die Inneneinrichtung ausgeht.
Die koloristische Version in Anthrazit findet sich sowohl in der Umgebung von Holz als auch von kaltem Stahl wieder.

Abmessungen: Schüssellänge 50,5 cm (19,88 Zoll), Breite 39,5 cm (15,55 Zoll), Schüsseltiefe 13 cm (5,1 Zoll).
Das Betonwaschbecken V_2 in Anthrazit ist in 4 Farben erhältlich. Basic Light Grey, eine Mischung aus Architekturbeton ohne Zusatz von Pigmenten, Grau, Anthrazit und Schwarz.
Auf individuelle Anfrage können wir Elemente in den Farben der RAL-Skala herstellen. Entsprechende Farben sind auf den Fotos abgebildet.",https://shopping.googleusercontent.com/image?q=AJqGhtWa78FHcSyFPS1gzvLuCryr_6x6x18YX5PgnGGznbKafPz4T1CcNpEVQzODiTCBY4_vauKHPYXSO7JK,anthrazit,Ja,Voglio,https://www.concretebasinsvoglio.com/de/concrete-basin-V2,waschbecken,5905490819109,21,7,0,merge,"https://shopping.googleusercontent.com/image?q=AJqGhtV_J-QmMywafy-D086tiESciKFYkeSHEwF0XT9My1CVLgGT-cRRtxti5fr_lNt1SGV_CfnDPqj6X7lN,https://shopping.googleusercontent.com/image?q=AJqGhtUck-d-7R8Mxw_eN4o8wVONWyrLIDUzJ6Mcq6RjVLPQ5_zwINZUPoNrThjwf14PVDtItDgS8vhpF2Kk,https://shopping.googleusercontent.com/image?q=AJqGhtVrRmXmrlo-RjOEZKz0u-B41M2LfjUXTpFIGBg1FaNjKylOMbFeY_bz9MQaxH-WNZCmzlhJ0eOYSLi8"
Betonwaschbecken Modell V_03,5905490819024/3,399.00 EUR,neu,auf Lager,,DE,Online,DE,de,"Dieses Waschbecken ist ein einzigartiges Modell, das einen perfekten Ausdruck des klassischen, abgerundeten Stils darstellt. Es wird auf einem Kreisplan hergestellt und ist daher ziemlich selten. Es passt besonders gut in kleine Räume und ist eine harmonische Ergänzung zu warmen Innenräumen mit gemütlichen, wohnlichen Konnotationen. Es kann sich auch an industrielle Arrangements anpassen und mit ihnen ein kohärentes Ganzes bilden. Jedes Waschbecken ist mit einer ""Voglio""-Ätzgravur verziert und kann perfekt zu bereits eingerichteten Innenräumen passen oder das erste Element sein, von dem die Inneneinrichtung ausgeht. Es ist in 4 Farben erhältlich: Basic Light Grey, Grau, Anthrazit und Schwarz. Auf individuelle Anfrage können wir Elemente in den Farben der RAL-Skala herstellen.",https://shopping.googleusercontent.com/image?q=AJqGhtWgm_RYb5IeCfhW2SDW3YyHqLJD2Dh5UHPUGeAJ2TMB6FfdV4nroISlTt7ItJjYPFTI-p0D7ueML1PX,anthrazit,Ja,Voglio,https://www.concretebasinsvoglio.com/de/concrete-basin-V0,waschbecken,5905490819024,21,7,0,merge,"https://shopping.googleusercontent.com/image?q=AJqGhtVUgvkTh5b7AUuieA4rcQdoqdC-aZqTX8BDDd8KKopXpW4q0g5DHq0drZPYP_bPMkSo6K7WnuT0sb6D,https://shopping.googleusercontent.com/image?q=AJqGhtUFQuZgVmU0PtcCNrKny9EwHp7gMgQIKFgKNPny2qRwnMgV8jaCaYdqdVJPsAcYvpN1fav9H24QfghQ,https://shopping.googleusercontent.com/image?q=AJqGhtWPrixK4BUV_7fkNryLsJvu7mSr1I0vspGeNEeyBLl18uDqVsQi0IUA9CBd19cYGa5jZqvBqrsrHOZH"
Betonwaschbecken Model V_55,5905490819659/5,336.00 EUR,neu,auf Lager,,DE,Online,DE,de,"Ein Betonwaschbecken in maritimem Blau - handgefertigt in der Voglio-Manufaktur

Beton ist ein Material, das immer mehr im Interior-Design eingesetzt wird. Auch im Badezimmer findet man immer häufiger Betonwaschbecken, die nicht nur robust und pflegeleicht sind, sondern auch eine moderne Ästhetik vermitteln. Das Betonwaschbecken in maritimem Blau, das wir Ihnen heute vorstellen möchten, ist ein besonders schönes Beispiel für die gelungene Verbindung von Funktionalität und Design.

Das Betonwaschbecken hat eine Form, die an eine Vase erinnert. Mit einem Durchmesser von 32 cm und einer Höhe von 13 cm hat es eine angenehme Größe, die sich gut in jedes Badezimmer integrieren lässt. Das Besondere an diesem Waschbecken ist jedoch nicht nur seine Form und Größe, sondern auch seine Farbe: Ein kräftiges Blau, das an das Meer erinnert und eine frische und lebendige Atmosphäre ins Badezimmer bringt.

Das Betonwaschbecken wurde von Hand in der Voglio-Manufaktur gefertigt und hat daher eine einzigartige Ausstrahlung. Die natürlichen Unregelmäßigkeiten des Betons machen jedes Waschbecken zu einem Unikat. Durch die Verwendung von hochwertigem Beton und sorgfältige Handarbeit ist das Waschbecken nicht nur besonders langlebig, sondern auch sehr pflegeleicht.

Das Betonwaschbecken ist nicht nur ein praktisches Element im Badezimmer, sondern auch ein echtes Design-Statement. Es verleiht jedem Raum eine moderne und zugleich natürliche Note und passt perfekt zu verschiedenen Einrichtungsstilen. Ob im minimalistischen Bad oder im maritim eingerichteten Gäste-WC - das Betonwaschbecken ist ein echter Hingucker.

Wenn Sie auf der Suche nach einem hochwertigen und stilvollen Betonwaschbecken sind, das durch seine Einzigartigkeit und seine maritime Farbe besticht, dann ist das Betonwaschbecken aus der Voglio-Manufaktur genau das Richtige für Sie. Mit diesem Waschbecken holen Sie sich ein Stück Natur ins Badezimmer und schaffen eine harmonische Atmosphäre, die zum Wohlfühlen einlädt.",https://shopping.googleusercontent.com/image?q=AJqGhtUSl1_4l0iV-UAruCfc5UbNNdowXFZCqBFwomF4YmaeFQWpm-JJELHueCui7WDP1AyEmaxUhJUf8mN9,blau,Ja,Voglio,https://www.concretebasinsvoglio.com/de/cncrete-sink-V5,waschbecken,5905490819659,21,7,0,merge,"https://shopping.googleusercontent.com/image?q=AJqGhtUdNqLWY6uxUQO2kWz9jI6SdAyonBEoqX4wyLMzuVrV3PauCrHsg_cytbtdAnVtUl7rSaUEGKhbvKzt,https://shopping.googleusercontent.com/image?q=AJqGhtXCMghBSNQqqx-q96741Rzqt0RVaR3sVWZfL1QAtdYzuU_VF0D4BDWoo7EEBeqahBxbFTrCOEkm1DTV,https://shopping.googleusercontent.com/image?q=AJqGhtWMBYrEUFWBAl5sFBVXhXJH5XDNfn-HK-Ys0RRnEmS6UpgfIj2BxGUMKY6myrzw9s-uvXlyV7uk4vbF"
Betonwaschbecken Model V_79,5905490819819/9,336.00 EUR,neu,auf Lager,,DE,Online,DE,de,"Diese wunderschöne Waschbecken-Schale aus Beton bringt ein Gefühl von Eleganz und Modernität in Ihr Badezimmer oder Ihre Küche. Mit ihrer runden Form und glatten Textur ist sie ein einzigartiges Stück, das sich perfekt in jedes zeitgenössische Dekor einfügt. Das Waschbecken ist handgefertigt und aus hochwertigem Beton hergestellt, was es robust und langlebig macht. Die Farbe Elfenbein verleiht ihm ein warmes und sanftes Aussehen und passt perfekt zu jeder Art von Einrichtung. Mit einem Durchmesser von 32 cm und einer Höhe von 13 cm ist es die perfekte Größe für jedes Badezimmer oder jede Küche. Das Betonwaschbecken ist nicht nur praktisch, sondern auch ein Kunstwerk, das Ihrem Raum Charakter verleiht.

Schlüsselwörter: Betonwaschbecken, Waschbecken aus Beton, runde Waschbecken-Schale, handgefertigt, langlebig, Elfenbein-Farbe, zeitgenössisches Dekor.",https://shopping.googleusercontent.com/image?q=AJqGhtWhpkXTQPLnFI-V4UfBdid0Iby7EZDcPafajvW2nSEedwwtjwsSfXhRZfEG-YxXdPoB2guL4yiUahgR,elfenbeinfarbe,Ja,Voglio,https://www.concretebasinsvoglio.com/de/v-70,waschbecken,5905490819819,21,7,0,merge,"https://shopping.googleusercontent.com/image?q=AJqGhtVcnsGlXPZU-blxmgPAqPV3C6MP97yYaLKeCWl3MsYFkf4Qtz4P-7fAqpibvaaWwXIhXrEYX9UUdgXh,https://shopping.googleusercontent.com/image?q=AJqGhtW3rZtTiIxPgDpCVcDRI1Z1Oq4Kcao_fiWrdPId6AIvd2dd3N8ggiIO8aM7sKANFjnSeI-0_dDvzqrX,https://shopping.googleusercontent.com/image?q=AJqGhtXYNHv_TyoNQM5PhXyhAlZNakZh2O1eXnOKWkXmoEiTFR7-Uw_WW2Wksa9QlEsocvghblqqcJ7ISXAs"
Betonwaschbecken Modell V_22,5905490819093/2,450.00 EUR,neu,auf Lager,,DE,Online,DE,de,"Entdecken Sie die Einzigartigkeit von Architekturbeton mit unserem Betonwaschbecken V_2. Seine charakteristische Optik und optische Leichtigkeit machen es zu einem herausragenden Element der Inneneinrichtung. Jedes Waschbecken ist mit einer eleganten ""Voglio""-Ätzgravur verziert und in 4 koloristischen Versionen erhältlich, die sich sowohl in der Umgebung von Holz als auch von kaltem Stahl wiederfinden. Die Abmessungen sind Schüssellänge 50,5 cm, Breite 39,5 cm und Schüsseltiefe 13 cm. Auf individuelle Anfrage können wir auch Elemente in den Farben der RAL-Skala herstellen, um perfekt zu Ihrer Inneneinrichtung zu passen. Unser Betonwaschbecken V_2 ist das perfekte Element, um Ihrer Inneneinrichtung eine moderne Note zu verleihen und gleichzeitig ein hochwertiges und langlebiges Produkt zu erhalten.",https://shopping.googleusercontent.com/image?q=AJqGhtUBRoyHG0oqhsYtzu-gugB2f-OxoYi37cgD69bNoPS8fZtsktxJNB4vx2_-sQJIEpWcjtORvKJp5KA_,,Ja,Voglio,https://www.concretebasinsvoglio.com/de/concrete-basin-V2,waschbecken,5905490819093,21,7,0,merge,"https://shopping.googleusercontent.com/image?q=AJqGhtWPbT2u0Y6WNRaZmQK-hLZ5tu9s1Ur_WyK1HIo6ygjc1Sbui5O4EZCM7zaHENhRd6NLAkYoDksh3Rp4,https://shopping.googleusercontent.com/image?q=AJqGhtXwIvPoMbMFrzQbLbowaBnolHUoe2ACrpZN9atEKrdtGBNg9V6P5Dko5B0w_lLR78KRjwCoEAjKBG-x,https://shopping.googleusercontent.com/image?q=AJqGhtUs7ZEYvNqEX2QGrniQqSiOk_SPdzR-q1nzFf_q4jevR_I6ciW63d390to95YaHpMBoIL3a9KLMrMUI"
Betonwaschbecken Modell V_14,5905490819079/4,399.00 EUR,neu,auf Lager,,DE,Online,DE,de,"Die klassische Form hat einen quadratischen Grundriss mit leicht abgerundeten Ecken. Dieses besondere Objekt bringt die Einzigartigkeit von Architekturbeton besonders zum Ausdruck – nämlich seine charakteristische, unverwechselbare Optik und optische Leichtigkeit.
Jedes Waschbecken ist mit einer „Voglio“-Ätzgravur verziert.
Unsere Waschtische sind sowohl perfekte Ergänzungen zu bereits eingerichteten Innenräumen als auch das erste Element, von dem die Inneneinrichtung ausgeht.
Jede koloristische Version findet sich sowohl in der Umgebung von Holz als auch von kaltem Stahl wieder.

Abmessungen: Schüsselbreite und -höhe 39 cm (15,35 Zoll), Schüsseltiefe 13 cm (5,1 Zoll). 
Das Betonwaschbecken V_1 ist in 4 Farben erhältlich. Basic Light Grey, eine Mischung aus Architekturbeton ohne Zusatz von Pigmenten, Grau, Anthrazit und Schwarz.
Auf individuelle Anfrage können wir Elemente in den Farben der RAL-Skala herstellen. Entsprechende Farben sind auf den Fotos dargestellt.",https://shopping.googleusercontent.com/image?q=AJqGhtVIfY2KLxQj3-inRWgb3JCGR-qB6ATY3tAjEltdgZJ8ck9VhPa8a0iYkmJxbPQRztoKA-H664O2VXdL,schwarz,Ja,Voglio,https://www.concretebasinsvoglio.com/de/concrete-basin-V1,waschbecken,5905490819079,21,7,0,merge,"https://shopping.googleusercontent.com/image?q=AJqGhtVDv_cy1BVi3HtFL2GHxgru2qwZTLm56j2u7MrR4JZ0Y_kLCDorn4wFkSDADeI0PUrGBqk0QoVDNVI_,https://shopping.googleusercontent.com/image?q=AJqGhtXwJnYC69t1lW6a7YM5-_FzupPRxK_CtNCBKzfX4AvXlRuEYeQtK0axZsPXaRvBYirJ-aIMr_V0alWq,https://shopping.googleusercontent.com/image?q=AJqGhtWlfQBTswCFQm5BRSu7PhZEjo95sbzhOeUYlhzFvaDBtXO_oO2IPT6A-YZpht8SfZoTgYfS1X_2Ok1c"
Betonwaschbecken Modell V_44,5905490819192/4,552.00 EUR,neu,auf Lager,,DE,Online,DE,de,"Die klassische Form auf einem rechteckigen Grundriss, mit geschwungenen Ecken, die nach unten leicht schmaler werden. Die idealen ovalen Proportionen unseres größten Waschbeckens bilden eine hervorragende Zierde für die anspruchsvollsten Innenräume. Dieses spezifische Objekt bringt die Einzigartigkeit von Architekturbeton besonders zum Ausdruck – nämlich seine charakteristische, unverwechselbare Optik und optische Leichtigkeit. All diese Eigenschaften machen das Modell V_4 zu einem herausragenden Element des Interieurs.

Jedes Waschbecken ist mit einer „Voglio“-Ätzgravur verziert.
Unsere Waschtische sind sowohl perfekte Ergänzungen zu bereits eingerichteten Innenräumen als auch das erste Element, von dem die Inneneinrichtung ausgeht.
Jede koloristische Version findet sich sowohl in der Umgebung von Holz als auch von kaltem Stahl wieder.

Abmessungen: Schüssellänge 60 cm (23,62 Zoll), Breite 42 cm (16,53 Zoll), Schüsseltiefe 14 cm 5,5 Zoll).
Das Betonwaschbecken V_4 ist in 4 Farben erhältlich. Basic Light Grey, eine Mischung aus Architekturbeton ohne Zusatz von Pigmenten, Grau, Anthrazit und Schwarz.
Auf individuelle Anfrage können wir Elemente in den Farben der RAL-Skala herstellen. Entsprechende Farben sind auf den Fotos abgebildet.",https://shopping.googleusercontent.com/image?q=AJqGhtX9_IKpSwTOQWfkKtOxs9zQHyo_topDJbdJUjQukvS7D1im8o9cRSM5VuVuyX7MWqYY0yV7uJE22pb0,schwarz,Ja,Voglio,https://www.concretebasinsvoglio.com/de/concrete-baisns-V4,waschbecken,5905490819192,21,7,0,merge,"https://shopping.googleusercontent.com/image?q=AJqGhtX6TaLHfSSljASday0NBKgWavZAOeY7VuPNrQesSC3AOtNXK1HaSON3zR5nYGTGYCJV9yl_39YSRB2I,https://shopping.googleusercontent.com/image?q=AJqGhtUFvxL7ahyUgwMe2Z46avfL-kCEkoeToU3MJOu9d39WLkbPqdY0Ayoxz6pY42ZzF9HgKK1X-p3MmrTT,https://shopping.googleusercontent.com/image?q=AJqGhtUbFtHH8y271PziMjAysHoF-JWZoo3mvVbo7F3iDS_NEyIdsZKDdbAGi0J_LVJOVtXFjP9_lxCiqx8b"
Betonwaschbecken Modell V_62,5905490819253/2,450.00 EUR,neu,auf Lager,,DE,Online,DE,de,"Das Betonwaschbecken V_6 hat eine klassische Form auf einem elliptischen Grundriss mit nach unten leicht verjüngten Wänden. Es ist trotz seiner Größe ungewöhnlich leicht und filigran. Jedes Waschbecken ist mit einer ""Voglio""-Ätzgravur verziert und kann sowohl klassische als auch industrielle Interieurs perfekt ergänzen. Die Waschtische sind perfekte Ergänzungen zu bereits eingerichteten Innenräumen oder das erste Element, von dem die Inneneinrichtung ausgeht. Jede koloristische Version passt gut zu Holz oder kaltem Stahl. Das Betonwaschbecken V_6 ist in vier Farben erhältlich: Basic Light Grey, Grau, Anthrazit und Schwarz. Auf individuelle Anfrage können auch Elemente in den Farben der RAL-Skala hergestellt werden.",https://shopping.googleusercontent.com/image?q=AJqGhtVA0TLM6LeJ0WmCqP8V71bgV7MTA1N617AeI7qClrAz1OjlRKd4wXdFsk7UjtGCh8rnxmAKrBM8J7Mr,grau,Ja,Voglio,https://www.concretebasinsvoglio.com/de/concrete-sinks-and-basins-V6,waschbecken,5905490819253,21,7,0,merge,"https://shopping.googleusercontent.com/image?q=AJqGhtVfF_kQSjhnB0_kf7F0sAt21ihkfMFH0rUXD1turXfv0It4nw2jOKkcaNLDu9dPt69LmnuqduUNDrG1,https://shopping.googleusercontent.com/image?q=AJqGhtXyEVKJAg68HcyRarkYT1Ia6nJtwvSxZJ5qwPKB4K1clnL6bTHhrqTLEiYk5pduA3JK1n4eIwjFG0fy,https://shopping.googleusercontent.com/image?q=AJqGhtXGMKe9Dssz3xG5lA1eNfHR8DhJuglldQjMGUe25HERHJ5Q3awcFCkwiLP4I5IQkFJCLGdoW1MfGr7Q"